sha256_前12碼,部位,目前類別,檔名,同一張圖的其他類別
037809608b7b,brow_shape,一字眉,IMG3.JPG,彎月眉
037809608b7b,brow_shape,彎月眉,IMG_7296 2.JPG,一字眉
037809608b7b,brow_shape,彎月眉,IMG_7296.JPG,一字眉
16839876d992,brow_shape,彎月眉,IMG_3858.jpg,落尾眉
16839876d992,brow_shape,落尾眉,IMG_3858.JPG,彎月眉
25330aedd3f9,brow_shape,一字眉,IMG1.JPG,彎月眉
25330aedd3f9,brow_shape,彎月眉,IMG_7300.jpg,一字眉
683657ead0de,brow_shape,彎月眉,IMG_7313.jpg,落尾眉
683657ead0de,brow_shape,落尾眉,IMG_7313.JPG,彎月眉
960332246900,brow_shape,一字眉,IMG2.JPG,彎月眉
960332246900,brow_shape,彎月眉,IMG_7297.jpg,一字眉
d262e388addb,brow_shape,彎月眉,IMG_7318.jpg,落尾眉
d262e388addb,brow_shape,落尾眉,IMG_7318.JPG,彎月眉
d6ee78cded7c,brow_shape,彎月眉,IMG_7290.jpg,落尾眉
d6ee78cded7c,brow_shape,落尾眉,IMG_7290.JPG,彎月眉
df57745ba9f5,brow_shape,彎月眉,IMG_7322.jpg,落尾眉
df57745ba9f5,brow_shape,落尾眉,IMG_7322.JPG,彎月眉
e00de1f9c42f,brow_shape,彎月眉,IMG_7333.JPG,落尾眉
e00de1f9c42f,brow_shape,落尾眉,IMG_7333.jpg,彎月眉
e264af047177,brow_shape,彎月眉,IMG_7311.jpg,落尾眉
e264af047177,brow_shape,落尾眉,IMG_7311.JPG,彎月眉
e6288b2a8452,brow_shape,彎月眉,IMG_7340.JPG,落尾眉
e6288b2a8452,brow_shape,落尾眉,IMG_7340.jpg,彎月眉
ed9b028ae613,brow_shape,一字眉,IMG4.JPG,彎月眉
ed9b028ae613,brow_shape,彎月眉,IMG_7304.jpg,一字眉
f919245ae8b8,brow_shape,彎月眉,IMG_7305.jpg,落尾眉
f919245ae8b8,brow_shape,落尾眉,IMG_7305.JPG,彎月眉
16fc5732f616,eye_shape,圓眼,IMG_3745.jpg,桃杏眼
16fc5732f616,eye_shape,桃杏眼,IMG_3745.JPG,圓眼
199488079d6c,eye_shape,桃杏眼,IMG_7490.jpg,鳳眼
199488079d6c,eye_shape,鳳眼,IMG_7490.JPG,桃杏眼
20f13389f69d,eye_shape,圓眼,IMG_7429.jpg,桃杏眼
20f13389f69d,eye_shape,桃杏眼,IMG_7429.JPG,圓眼
2a7129e11292,eye_shape,圓眼,IMG_7447.jpg,桃杏眼
2a7129e11292,eye_shape,桃杏眼,IMG_7447.JPG,圓眼
31dda21ab250,eye_shape,桃杏眼,IMG_7491.jpg,鳳眼
31dda21ab250,eye_shape,鳳眼,IMG_7491.JPG,桃杏眼
3438ba92f227,eye_shape,桃杏眼,IMG_7489.jpg,鳳眼
3438ba92f227,eye_shape,鳳眼,IMG_7489.JPG,桃杏眼
4968034ad757,eye_shape,圓眼,IMG_7436.jpg,桃杏眼
4968034ad757,eye_shape,桃杏眼,IMG_7436.JPG,圓眼
62bb578edd06,eye_shape,圓眼,IMG_7450.jpg,桃杏眼
62bb578edd06,eye_shape,桃杏眼,IMG_7450.JPG,圓眼
6478c564187f,eye_shape,下垂眼,IMG_3803.jpg,鳳眼
6478c564187f,eye_shape,鳳眼,IMG_3803.JPG,下垂眼
65f0253c1b82,eye_shape,下垂眼,IMG_3806.jpg,鳳眼
65f0253c1b82,eye_shape,鳳眼,IMG_3806.JPG,下垂眼
6d05e804bec3,eye_shape,圓眼,IMG_3765.jpg,桃杏眼
6d05e804bec3,eye_shape,桃杏眼,IMG_3765.JPG,圓眼
7436516dc82b,eye_shape,下垂眼,IMG_3801.jpg,鳳眼
7436516dc82b,eye_shape,鳳眼,IMG_3801.JPG,下垂眼
7464170d31a1,eye_shape,桃杏眼,IMG_7484.jpg,鳳眼
7464170d31a1,eye_shape,鳳眼,IMG_7484.JPG,桃杏眼
752f4cc702d0,eye_shape,圓眼,IMG_7433.jpg,桃杏眼
752f4cc702d0,eye_shape,桃杏眼,IMG_7433.JPG,圓眼
7b183a4da888,eye_shape,圓眼,IMG_7461.jpg,桃杏眼
7b183a4da888,eye_shape,桃杏眼,IMG_7461.JPG,圓眼
802dd5dfdfc2,eye_shape,圓眼,IMG_7434.jpg,桃杏眼
802dd5dfdfc2,eye_shape,桃杏眼,IMG_7434.JPG,圓眼
8241d7a27447,eye_shape,桃杏眼,IMG_7518.jpg,鳳眼
8241d7a27447,eye_shape,鳳眼,IMG_7518.JPG,桃杏眼
86d32e7faf0d,eye_shape,桃杏眼,IMG_7483.jpg,鳳眼
86d32e7faf0d,eye_shape,鳳眼,IMG_7483.JPG,桃杏眼
8f58cdd90933,eye_shape,下垂眼,IMG_3631.JPG,鳳眼
8f58cdd90933,eye_shape,鳳眼,IMG_3631.jpg,下垂眼
965087ccfec8,eye_shape,桃杏眼,IMG_7520.jpg,鳳眼
965087ccfec8,eye_shape,鳳眼,IMG_7520.JPG,桃杏眼
98097a5201f6,eye_shape,圓眼,IMG_7443.jpg,桃杏眼
98097a5201f6,eye_shape,桃杏眼,IMG_7443.JPG,圓眼
a0a689928afd,eye_shape,桃杏眼,IMG_7482.jpg,鳳眼
a0a689928afd,eye_shape,鳳眼,IMG_7482.JPG,桃杏眼
a6394ed9961a,eye_shape,圓眼,IMG_3760.jpg,桃杏眼
a6394ed9961a,eye_shape,桃杏眼,IMG_3760.JPG,圓眼
b62ecd570819,eye_shape,圓眼,IMG_7468.jpg,桃杏眼
b62ecd570819,eye_shape,桃杏眼,IMG_7468.JPG,圓眼
ba40a41a9789,eye_shape,圓眼,IMG_7430.jpg,桃杏眼
ba40a41a9789,eye_shape,桃杏眼,IMG_7430.JPG,圓眼
c46f46cfb83a,eye_shape,桃杏眼,IMG_7519.jpg,鳳眼
c46f46cfb83a,eye_shape,鳳眼,IMG_7519.JPG,桃杏眼
cbf2ef095538,eye_shape,圓眼,IMG_3748.jpg,桃杏眼
cbf2ef095538,eye_shape,桃杏眼,IMG_3748.JPG,圓眼
cc2c7c39bfab,eye_shape,圓眼,IMG_7449.jpg,桃杏眼
cc2c7c39bfab,eye_shape,桃杏眼,IMG_7449.JPG,圓眼
ded852f858e3,eye_shape,圓眼,IMG_7435.jpg,桃杏眼
ded852f858e3,eye_shape,桃杏眼,IMG_7435.JPG,圓眼
e4306159df1d,eye_shape,圓眼,IMG_7440.jpg,桃杏眼
e4306159df1d,eye_shape,桃杏眼,IMG_7440.JPG,圓眼
e72bb1f86160,eye_shape,桃杏眼,IMG_7497.jpg,鳳眼
e72bb1f86160,eye_shape,鳳眼,IMG_7497.JPG,桃杏眼
f457cb71299a,eye_shape,下垂眼,IMG_3630.JPG,鳳眼
f457cb71299a,eye_shape,鳳眼,IMG_3630.jpg,下垂眼
f884ebc539a5,eye_shape,桃杏眼,IMG_7521.jpg,鳳眼
f884ebc539a5,eye_shape,鳳眼,IMG_7521.JPG,桃杏眼
0132b4742375,face_shape,圓形臉,IMG_7578.jpg,鵝蛋臉
0132b4742375,face_shape,鵝蛋臉,IMG_7578.JPG,圓形臉
1294f44cbf5f,face_shape,圓形臉,IMG_3554.jpg,鵝蛋臉
1294f44cbf5f,face_shape,鵝蛋臉,IMG_3554.JPG,圓形臉
1c15d5440199,face_shape,心形臉,IMG_7596.jpg,長形臉
1c15d5440199,face_shape,長形臉,IMG_7596.JPG,心形臉
2a224555d44b,face_shape,心形臉,IMG_7717.JPG,鵝蛋臉
2a224555d44b,face_shape,鵝蛋臉,IMG_7717.jpg,心形臉
44b2f7621a29,face_shape,方形臉,IMG_7627.jpg,鵝蛋臉
44b2f7621a29,face_shape,鵝蛋臉,IMG_7627.JPG,方形臉
52905c65e8f6,face_shape,方形臉,IMG_7623.jpg,長形臉
52905c65e8f6,face_shape,長形臉,IMG_7623.JPG,方形臉
56e8dba009d4,face_shape,心形臉,IMG_7588.jpg,長形臉
56e8dba009d4,face_shape,長形臉,IMG_7588.JPG,心形臉
76bd4a9858b8,face_shape,圓形臉,IMG_3549.jpg,鵝蛋臉
76bd4a9858b8,face_shape,鵝蛋臉,IMG_3549.JPG,圓形臉
7a16a404271e,face_shape,長形臉,IMG_7701.JPG,鵝蛋臉
7a16a404271e,face_shape,鵝蛋臉,IMG_7701.jpg,長形臉
7d74942dc382,face_shape,圓形臉,IMG_3557.jpg,鵝蛋臉
7d74942dc382,face_shape,鵝蛋臉,IMG_3557.JPG,圓形臉
8ca796e7477d,face_shape,心形臉,IMG_7674.JPG,長形臉
8ca796e7477d,face_shape,長形臉,IMG_7674.jpg,心形臉
8f257a90b855,face_shape,長形臉,IMG_7702.JPG,鵝蛋臉
8f257a90b855,face_shape,鵝蛋臉,IMG_7702.jpg,長形臉
a5dc6b74a14a,face_shape,長形臉,IMG_7700.JPG,鵝蛋臉
a5dc6b74a14a,face_shape,鵝蛋臉,IMG_7700.jpg,長形臉
a7b73c19cc9d,face_shape,方形臉,IMG_7622.jpg,長形臉
a7b73c19cc9d,face_shape,長形臉,IMG_7622.JPG,方形臉
b4273b01f83b,face_shape,心形臉,IMG_7598.jpg,長形臉
b4273b01f83b,face_shape,長形臉,IMG_7598.JPG,心形臉
b9685714eb14,face_shape,心形臉,IMG_7599.jpg,長形臉
b9685714eb14,face_shape,長形臉,IMG_7599.JPG,心形臉
d691660cb42a,face_shape,方形臉,IMG_7624.jpg,長形臉
d691660cb42a,face_shape,長形臉,IMG_7624.JPG,方形臉
e533f24bce28,face_shape,圓形臉,IMG_7584.jpg,鵝蛋臉
e533f24bce28,face_shape,鵝蛋臉,IMG_7584.JPG,圓形臉
ec50d573da01,face_shape,圓形臉,IMG_7565.jpg,長形臉
ec50d573da01,face_shape,長形臉,IMG_7565.JPG,圓形臉
fc42bb972c34,face_shape,圓形臉,IMG_7559.jpg,長形臉
fc42bb972c34,face_shape,長形臉,IMG_7559.JPG,圓形臉
2e16636e4a12,lip_shape,厚唇,IMG_7818.JPG,花瓣唇
2e16636e4a12,lip_shape,花瓣唇,IMG_7818.jpg,厚唇
3ff3061e9792,lip_shape,厚唇,IMG_7816.JPG,花瓣唇
3ff3061e9792,lip_shape,花瓣唇,IMG_7816.jpg,厚唇
5a32802a7195,lip_shape,微笑唇,IMG_3491.jpg,花瓣唇
5a32802a7195,lip_shape,花瓣唇,IMG_3491.jpg,微笑唇
68a1f5c13600,lip_shape,厚唇,IMG_7817.JPG,花瓣唇
68a1f5c13600,lip_shape,花瓣唇,IMG_7817.jpg,厚唇
6c01a35c7b01,lip_shape,厚唇,IMG_7815.JPG,花瓣唇
6c01a35c7b01,lip_shape,花瓣唇,IMG_7815.jpg,厚唇
