產品名稱,價格,商品連結
BEIGIC淡紋精華唇頰蜜 06Veil,NT$850,https://shop.cosmed.com.tw/SalePage/Index/11256025
BEIGIC淡紋精華唇頰蜜 00 Clear,NT$850,https://shop.cosmed.com.tw/SalePage/Index/11256024
BEIGIC淡紋精華唇頰蜜03 Long Black,NT$850,https://shop.cosmed.com.tw/SalePage/Index/11256021
BEIGIC淡紋精華唇頰蜜 01 Tulle,NT$850,https://shop.cosmed.com.tw/SalePage/Index/11256017
BEIGIC淡紋精華唇頰蜜 02 Appeal,NT$850,https://shop.cosmed.com.tw/SalePage/Index/11256016
BEIGIC淡紋精華唇頰蜜 05FlatWhit,NT$850,https://shop.cosmed.com.tw/SalePage/Index/11256015
BEIGIC淡紋精華唇頰蜜 04 Sway,NT$850,https://shop.cosmed.com.tw/SalePage/Index/11256014
DEAR DAHLIA 花瓣液體腮紅［淡雅］4g＋潤唇蜜優惠組合［舒芙蕾］3.7ml,NT$499,https://shop.cosmed.com.tw/SalePage/Index/11197980
DEAR DAHLIA 花瓣液體腮紅［榮耀］4g＋潤唇蜜優惠組合［舒芙蕾］3.7ml,NT$499,https://shop.cosmed.com.tw/SalePage/Index/11197978
DEAR DAHLIA 花瓣液體腮紅［幻夢］4g＋潤唇蜜優惠組合［甜甜圈］3.7ml,NT$499,https://shop.cosmed.com.tw/SalePage/Index/11197976
DEAR DAHLIA 花瓣液體腮紅［柔弱］4g＋潤唇蜜優惠組合［甜甜圈］3.7ml,NT$499,https://shop.cosmed.com.tw/SalePage/Index/11197968
VISEE花綻雙色頰彩 004(12/18依序出貨),NT$332,https://shop.cosmed.com.tw/SalePage/Index/11191589
VISEE花綻雙色頰彩 003(12/19依序出貨),NT$332,https://shop.cosmed.com.tw/SalePage/Index/11191586
VISEE花綻雙色頰彩 008(12/18依序出貨),NT$332,https://shop.cosmed.com.tw/SalePage/Index/11191585
VISEE花綻雙色頰彩 002(12/18依序出貨),NT$332,https://shop.cosmed.com.tw/SalePage/Index/11191577
VISEE花綻雙色頰彩 006(12/20依序出貨),NT$332,https://shop.cosmed.com.tw/SalePage/Index/11191576
VISEE花綻雙色頰彩 007(12/18依序出貨),NT$332,https://shop.cosmed.com.tw/SalePage/Index/11191575
VISEE花綻雙色頰彩 001(12/18依序出貨),NT$332,https://shop.cosmed.com.tw/SalePage/Index/11191561
VISEE花綻雙色頰彩 005(12/20依序出貨),NT$332,https://shop.cosmed.com.tw/SalePage/Index/11191560
heme 水光腮紅液 – 03 Tender Lilac 15ml,NT$299,https://shop.cosmed.com.tw/SalePage/Index/11187169
heme 水光腮紅液 – 02 Flora Coral 15ml,NT$299,https://shop.cosmed.com.tw/SalePage/Index/11187167
heme 水光腮紅液 – 01 Soap Pink 15ml,NT$299,https://shop.cosmed.com.tw/SalePage/Index/11187163
MKUP 紫想澎嫩四色腮紅盤,NT$357,https://shop.cosmed.com.tw/SalePage/Index/11086497
alternative stereo寶石光雙色唇頰盤_外盒02心動,NT$250,https://shop.cosmed.com.tw/SalePage/Index/11086481
alternative stereo寶石光雙色唇頰盤_蕊芯V3無花果絲絨,NT$165,https://shop.cosmed.com.tw/SalePage/Index/11086479
alternative stereo寶石光雙色唇頰盤_蕊芯G2薔薇石英,NT$165,https://shop.cosmed.com.tw/SalePage/Index/11086478
alternative stereo寶石光雙色唇頰盤_蕊芯V6泡芙小姐,NT$165,https://shop.cosmed.com.tw/SalePage/Index/11086477
alternative stereo寶石光雙色唇頰盤_外盒06眼淚,NT$250,https://shop.cosmed.com.tw/SalePage/Index/11086476
alternative stereo寶石光雙色唇頰盤_外盒01夢境,NT$250,https://shop.cosmed.com.tw/SalePage/Index/11086474
alternative stereo寶石光雙色唇頰盤_蕊芯V7草莓可頌,NT$165,https://shop.cosmed.com.tw/SalePage/Index/11086473
alternative stereo寶石光雙色唇頰盤_蕊芯V5楓糖絲絨,NT$165,https://shop.cosmed.com.tw/SalePage/Index/11086472
alternative stereo寶石光雙色唇頰盤_外盒05永恆,NT$250,https://shop.cosmed.com.tw/SalePage/Index/11086471
alternative stereo寶石光雙色唇頰盤_外盒04極光,NT$250,https://shop.cosmed.com.tw/SalePage/Index/11086469
alternative stereo寶石光雙色唇頰盤_蕊芯G11摩卡琥珀,NT$165,https://shop.cosmed.com.tw/SalePage/Index/11086468
alternative stereo寶石光雙色唇頰盤_蕊芯G3牛奶糖月光,NT$165,https://shop.cosmed.com.tw/SalePage/Index/11086467
alternative stereo寶石光雙色唇頰盤_蕊芯G10朝露玫瑰,NT$165,https://shop.cosmed.com.tw/SalePage/Index/11086466
ETUDE愛戀頰心光感腮紅#紫調莓果,NT$320,https://shop.cosmed.com.tw/SalePage/Index/11013754
ETUDE果漾柔霧唇頰霜 #04青澀玫梅,NT$369,https://shop.cosmed.com.tw/SalePage/Index/10999189
ETUDE果漾柔霧唇頰霜 #02甜熟木瓜,NT$369,https://shop.cosmed.com.tw/SalePage/Index/10999182
ETUDE果漾柔霧唇頰霜 #05豐潤莓果,NT$369,https://shop.cosmed.com.tw/SalePage/Index/10999176
ETUDE果漾柔霧唇頰霜 #03暖嫩蜜桃,NT$369,https://shop.cosmed.com.tw/SalePage/Index/10999132
ETUDE果漾柔霧唇頰霜 #01鮮採番茄,NT$369,https://shop.cosmed.com.tw/SalePage/Index/10995209
SON&PARK 藝色渲染-閃耀頰彩 （03光暈）,NT$239,https://shop.cosmed.com.tw/SalePage/Index/10808483
SON&PARK 藝色渲染-幻彩頰彩 （03慕光）,NT$239,https://shop.cosmed.com.tw/SalePage/Index/10808476
SON&PARK 藝色渲染-柔霧頰彩 （04初戀）,NT$239,https://shop.cosmed.com.tw/SalePage/Index/10808453
SON&PARK 藝色渲染-幻彩頰彩 （01晚霞）,NT$239,https://shop.cosmed.com.tw/SalePage/Index/10808446
SON&PARK 藝色渲染-閃耀頰彩 （02焰珊）,NT$239,https://shop.cosmed.com.tw/SalePage/Index/10808443
SON&PARK 藝色渲染-柔霧頰彩 （01晚霞）,NT$239,https://shop.cosmed.com.tw/SalePage/Index/10808438
SON&PARK 藝色渲染-柔霧頰彩 （05霧煙紫）,NT$239,https://shop.cosmed.com.tw/SalePage/Index/10808436
SON&PARK 藝色渲染-柔霧頰彩 （03慕光）,NT$239,https://shop.cosmed.com.tw/SalePage/Index/10808435
SON&PARK 藝色渲染-柔霧頰彩 （02芍語）,NT$239,https://shop.cosmed.com.tw/SalePage/Index/10808431
SON&PARK 藝色渲染-幻彩頰彩 （04暖棠）,NT$239,https://shop.cosmed.com.tw/SalePage/Index/10808429
heme 特調腮紅 - 11 Mocha Rose 6.5g,NT$249,https://shop.cosmed.com.tw/SalePage/Index/10685573
heme 特調腮紅 - 12 Sunset Daisy 6.5g,NT$249,https://shop.cosmed.com.tw/SalePage/Index/10685530
Solone雲朵空氣腮紅膏04冷煙粉,NT$280,https://shop.cosmed.com.tw/SalePage/Index/10682201
as裸感輕奶油腮紅霜02 Strawberry Milk,NT$340,https://shop.cosmed.com.tw/SalePage/Index/10682180
Solone雲朵空氣腮紅膏06野玫紅,NT$280,https://shop.cosmed.com.tw/SalePage/Index/10682175
Solone雲朵空氣腮紅膏05丁香紫,NT$280,https://shop.cosmed.com.tw/SalePage/Index/10682173
CLIO珂莉奧 嫩顏QQ唇頰凍 02櫻花奶凍,NT$580,https://shop.cosmed.com.tw/SalePage/Index/10610242
CLIO珂莉奧 嫩顏QQ唇頰凍 01蜜桃奶凍,NT$580,https://shop.cosmed.com.tw/SalePage/Index/10610238
CLIO珂莉奧 嫩顏QQ唇頰凍 03烏龍奶凍,NT$580,https://shop.cosmed.com.tw/SalePage/Index/10610219
ettusais艾杜紗ETS 微醺暮色亮顏盤 01 薄櫻粉3g,NT$599,https://shop.cosmed.com.tw/SalePage/Index/10510143
ettusais艾杜紗ETS 微醺暮色亮顏盤 02 珊瑚粉3g,NT$599,https://shop.cosmed.com.tw/SalePage/Index/10510134
Fujiko水彩腮紅03驚豔粉,NT$550,https://shop.cosmed.com.tw/SalePage/Index/10388917
Fujiko水彩腮紅01甜美粉,NT$550,https://shop.cosmed.com.tw/SalePage/Index/10388889
Fujiko水彩腮紅02可愛粉,NT$550,https://shop.cosmed.com.tw/SalePage/Index/10388885
ETUDE愛戀頰心光感腮紅#晨間優雅,NT$320,https://shop.cosmed.com.tw/SalePage/Index/10388833
Laka戀愛原色霧光腮紅 ［707 Sweet］,NT$360,https://shop.cosmed.com.tw/SalePage/Index/10327361
Laka戀愛原色霧光腮紅 ［709 Dolce］,NT$360,https://shop.cosmed.com.tw/SalePage/Index/10327356
Laka戀愛原色霧光腮紅 ［705 Angel］,NT$360,https://shop.cosmed.com.tw/SalePage/Index/10327345
heme 特調腮紅 - 09 Soft Coral 6.5g,NT$249,https://shop.cosmed.com.tw/SalePage/Index/10186553
heme 特調腮紅 - 10 Sorbet Pink 6.5g,NT$249,https://shop.cosmed.com.tw/SalePage/Index/10186548
Za想入緋緋頰彩03 害羞紅暈,NT$231,https://shop.cosmed.com.tw/SalePage/Index/10096035
Za想入緋緋頰彩01 一見鍾情,NT$231,https://shop.cosmed.com.tw/SalePage/Index/10095985
Za想入緋緋頰彩04 溫柔知性,NT$231,https://shop.cosmed.com.tw/SalePage/Index/10095982
Za想入緋緋頰彩05 迷戀果實,NT$231,https://shop.cosmed.com.tw/SalePage/Index/10095979
Za想入緋緋頰彩02 裸色日常,NT$231,https://shop.cosmed.com.tw/SalePage/Index/10095975
MKUP 白裡透紅四色腮紅盤,NT$420,https://shop.cosmed.com.tw/SalePage/Index/10030780
heme特調腮紅-07Dusty Lavender,NT$249,https://shop.cosmed.com.tw/SalePage/Index/9754412
heme 特調腮紅 - 08 Puff Pink,NT$249,https://shop.cosmed.com.tw/SalePage/Index/9754391
VDL微醺特調腮紅06甜梨梅酒7G,NT$650,https://shop.cosmed.com.tw/SalePage/Index/9363280
code glokolor 怦然心動絲柔腮紅03日落情書3.5G,NT$350,https://shop.cosmed.com.tw/SalePage/Index/9363253
MAYBELLINE媚比琳FIT ME 漂染持色腮紅 60 肉桂熱紅酒,NT$300,https://shop.cosmed.com.tw/SalePage/Index/9303129
MAYBELLINE媚比琳FIT ME 漂染持色腮紅 50 無花果奶酒,NT$300,https://shop.cosmed.com.tw/SalePage/Index/9303104
MAYBELLINE媚比琳FIT ME 漂染持色腮紅 10 蜜桃裸香檳,NT$300,https://shop.cosmed.com.tw/SalePage/Index/9303101
MAYBELLINE媚比琳FIT ME 漂染持色腮紅 30 玫瑰氣泡酒,NT$300,https://shop.cosmed.com.tw/SalePage/Index/9303096
heme 特調腮紅-05 Light Lilac 6.5g,NT$249,https://shop.cosmed.com.tw/SalePage/Index/9002934
heme 特調腮紅-06 Rosy Tan 6.5g,NT$249,https://shop.cosmed.com.tw/SalePage/Index/9002922
heme 特調腮紅-03 Veiled Lotus 6.5g,NT$249,https://shop.cosmed.com.tw/SalePage/Index/8831106
VISEE 輕霧渲染頰彩 BR-320,NT$383,https://shop.cosmed.com.tw/SalePage/Index/7900073
I’M MEME我愛甜潤烤奶腮紅 05肉桂烤奶,NT$290,https://shop.cosmed.com.tw/SalePage/Index/7295310
I’M MEME我愛甜潤烤奶腮紅 04玫瑰烤奶,NT$290,https://shop.cosmed.com.tw/SalePage/Index/7295309
I’M MEME我愛甜潤烤奶腮紅 03草莓烤奶,NT$290,https://shop.cosmed.com.tw/SalePage/Index/7295308
I’M MEME我愛甜潤烤奶腮紅 02杏仁烤奶,NT$290,https://shop.cosmed.com.tw/SalePage/Index/7295307
I’M MEME我愛甜潤烤奶腮紅 01櫻花烤奶,NT$290,https://shop.cosmed.com.tw/SalePage/Index/7295306
media媚點 優雅柔光頰彩WT-01,NT$250,https://shop.cosmed.com.tw/SalePage/Index/7273758
media媚點 優雅柔光頰彩RD-03,NT$250,https://shop.cosmed.com.tw/SalePage/Index/7273757
media媚點 優雅柔光頰彩RS-03,NT$250,https://shop.cosmed.com.tw/SalePage/Index/7273755
media媚點 優雅柔光頰彩PK-03,NT$250,https://shop.cosmed.com.tw/SalePage/Index/7273751
media媚點 優雅柔光頰彩PK-01,NT$250,https://shop.cosmed.com.tw/SalePage/Index/7273750
media媚點 優雅柔光頰彩OR-02,NT$250,https://shop.cosmed.com.tw/SalePage/Index/7273748
I’M MEME我愛口袋彩妝小方盒04小花盒,NT$550,https://shop.cosmed.com.tw/SalePage/Index/6731275
I’M MEME我愛口袋彩妝小方盒03小棕盒,NT$550,https://shop.cosmed.com.tw/SalePage/Index/6731274
I’M MEME我愛口袋彩妝小方盒02小橘盒,NT$550,https://shop.cosmed.com.tw/SalePage/Index/6731273
I’M MEME我愛口袋彩妝小方盒01小粉盒,NT$550,https://shop.cosmed.com.tw/SalePage/Index/6731272
KATE凱婷 血色光雕雙色腮紅 RD-1,NT$430,https://shop.cosmed.com.tw/SalePage/Index/6615713
INTEGRATE櫻特芮 三分甜微光腮紅RD271,NT$380,https://shop.cosmed.com.tw/SalePage/Index/3281608
INTEGRATE櫻特芮 三分甜微光腮紅PK272,NT$380,https://shop.cosmed.com.tw/SalePage/Index/3281604
