epoch,time,train/box_loss,train/cls_loss,train/dfl_loss,metrics/precision(B),metrics/recall(B),metrics/mAP50(B),metrics/mAP50-95(B),val/box_loss,val/cls_loss,val/dfl_loss,lr/pg0,lr/pg1,lr/pg2
1,1.46251,3.09545,5.37724,2.40148,0,0,0,0,3.20564,5.15319,2.55258,0.1,0,0
2,2.75492,1.94755,4.99066,1.60522,0,0,0,0,2.9872,4.89852,2.23537,0.0990997,9.967e-05,9.967e-05
3,4.11153,2.19964,4.73626,1.69277,0,0,0,0,2.96249,4.81301,2.18929,0.0981987,0.00019868,0.00019868
4,5.36676,2.57092,4.52321,1.79863,0.14286,0.07143,0.10714,0.05357,3.10809,4.79916,2.22113,0.097297,0.00029703,0.00029703
5,6.56189,2.56648,4.61311,2.03358,0.00063,0.07143,0.02373,0.00712,3.10403,4.822,2.14474,0.0963947,0.00039472,0.00039472
6,7.76893,1.9931,3.99121,1.39746,0.00024,0.07143,0.01185,0.00711,2.91607,4.73245,2.03441,0.0954918,0.00049175,0.00049175
7,9.01579,1.88202,3.61609,1.50035,0.00024,0.07143,0.02363,0.01418,2.82292,4.6532,1.90142,0.0945881,0.00058812,0.00058812
8,10.2656,1.86015,3.7768,1.56034,0.00024,0.07143,0.07078,0.03539,2.63016,4.50104,1.78111,0.0936838,0.00068383,0.00068383
9,11.422,2.44845,4.6836,1.86465,0.00024,0.07143,0.07078,0.03539,2.63016,4.50104,1.78111,0.0927789,0.00077888,0.00077888
10,12.7302,2.62217,4.30863,1.75847,0.00024,0.07143,0.07078,0.04247,2.77257,4.58683,1.8733,0.0918733,0.00087327,0.00087327
11,14.1044,2.31048,3.43297,1.54766,0.00024,0.07143,0.07078,0.04247,2.77257,4.58683,1.8733,0.090967,0.000967,0.000967
12,15.4878,2.69069,4.16087,1.9506,0.00026,0.07143,0.07078,0.04247,3.16768,4.57827,2.08022,0.0900601,0.00106007,0.00106007
13,16.7115,2.04566,3.12197,1.36899,0.00026,0.07143,0.07078,0.04247,3.16768,4.57827,2.08022,0.0891525,0.00115248,0.00115248
14,17.9413,2.69706,3.6268,1.76796,0.00109,0.07143,0.07099,0.05679,2.80732,4.50823,1.95141,0.0882442,0.00124423,0.00124423
15,19.099,2.11201,2.82959,1.56033,0.00109,0.07143,0.07099,0.05679,2.80732,4.50823,1.95141,0.0873353,0.00133532,0.00133532
16,20.3791,2.06366,2.92796,1.49284,0.00348,0.07143,0.0716,0.06444,2.53495,4.40469,1.85532,0.0864258,0.00142575,0.00142575
17,21.6643,2.20102,3.57941,1.49089,0.00348,0.07143,0.0716,0.06444,2.53495,4.40469,1.85532,0.0855155,0.00151552,0.00151552
18,22.8736,2.28402,3.64832,1.62717,0.01429,0.07143,0.07436,0.05949,2.48613,4.37847,1.97552,0.0846046,0.00160463,0.00160463
19,24.1279,2.22987,3.2595,1.51625,0.01429,0.07143,0.07436,0.05949,2.48613,4.37847,1.97552,0.0836931,0.00169308,0.00169308
20,25.3773,2.09567,2.69809,1.52436,0.01099,0.07143,0.07352,0.04411,2.33079,4.35901,2.14296,0.0827809,0.00178087,0.00178087
21,26.72,1.97021,3.04341,1.44564,0.01099,0.07143,0.07352,0.04411,2.33079,4.35901,2.14296,0.081868,0.001868,0.001868
22,27.9383,1.93338,3.13494,1.3771,0.01587,0.07143,0.07476,0.02147,2.39026,4.45658,2.28054,0.0809545,0.00195447,0.00195447
23,29.1583,1.99413,2.93034,1.37421,0.01587,0.07143,0.07476,0.02147,2.39026,4.45658,2.28054,0.0800403,0.00204028,0.00204028
24,30.4404,1.97264,3.30884,1.46378,0.01587,0.07143,0.07476,0.02147,2.39026,4.45658,2.28054,0.0791254,0.00212543,0.00212543
25,31.6998,1.96574,3.03273,1.41082,0,0,0,0,2.28376,4.4178,2.31558,0.0782099,0.00220992,0.00220992
26,32.974,2.09095,3.02537,1.50031,0,0,0,0,2.28376,4.4178,2.31558,0.0772938,0.00229375,0.00229375
27,34.1733,2.08603,3.12884,1.38689,0,0,0,0,2.28376,4.4178,2.31558,0.0763769,0.00237692,0.00237692
28,35.3965,1.86347,2.54074,1.34461,0.07143,0.07143,0.08893,0.04446,2.55033,4.41119,2.26912,0.0754594,0.00245943,0.00245943
29,36.6125,1.75048,2.41775,1.35874,0.07143,0.07143,0.08893,0.04446,2.55033,4.41119,2.26912,0.0745413,0.00254128,0.00254128
30,37.8101,1.90699,3.01871,1.48194,0.07143,0.07143,0.08893,0.04446,2.55033,4.41119,2.26912,0.0736225,0.00262247,0.00262247
31,39.1414,2.45115,3.38588,1.4217,0.14286,0.07143,0.10714,0.05357,3.01945,4.61019,2.62654,0.072703,0.002703,0.002703
32,40.3587,2.12564,2.7281,1.36094,0.14286,0.07143,0.10714,0.05357,3.01945,4.61019,2.62654,0.0717829,0.00278287,0.00278287
33,41.6814,2.2564,3.04238,1.53822,0.14286,0.07143,0.10714,0.05357,3.01945,4.61019,2.62654,0.0708621,0.00286208,0.00286208
34,42.9494,2.17128,2.5337,1.29508,0.1431,0.14286,0.10751,0.05361,3.04807,4.67203,2.44668,0.0699406,0.00294063,0.00294063
35,44.1718,2.263,2.62333,1.40249,0.1431,0.14286,0.10751,0.05361,3.04807,4.67203,2.44668,0.0690185,0.00301852,0.00301852
36,45.3066,2.11924,2.35964,1.35439,0.1431,0.14286,0.10751,0.05361,3.04807,4.67203,2.44668,0.0680958,0.00309575,0.00309575
37,46.5563,2.51225,3.24361,1.80159,0.1431,0.14286,0.10751,0.05361,3.04807,4.67203,2.44668,0.0671723,0.00317232,0.00317232
38,47.8115,2.19613,2.71237,1.58766,0.03596,0.14286,0.08695,0.05183,2.54402,4.27913,2.45798,0.0662482,0.00324823,0.00324823
39,49.0348,2.08295,3.20655,1.58654,0.03596,0.14286,0.08695,0.05183,2.54402,4.27913,2.45798,0.0653235,0.00332348,0.00332348
40,50.3475,1.96029,2.44656,1.34654,0.03596,0.14286,0.08695,0.05183,2.54402,4.27913,2.45798,0.0643981,0.00339807,0.00339807
41,51.6402,1.97416,2.63839,1.41105,0.03596,0.14286,0.08695,0.05183,2.54402,4.27913,2.45798,0.063472,0.003472,0.003472
42,52.9236,1.89481,2.46835,1.30656,0.03871,0.21429,0.10148,0.05177,2.83926,4.27477,2.74538,0.0625453,0.00354527,0.00354527
43,54.1576,2.05963,2.27693,1.4581,0.03871,0.21429,0.10148,0.05177,2.83926,4.27477,2.74538,0.0616179,0.00361788,0.00361788
44,55.4187,1.79104,2.04987,1.29094,0.03871,0.21429,0.10148,0.05177,2.83926,4.27477,2.74538,0.0606898,0.00368983,0.00368983
45,56.6478,2.13565,2.8779,1.64338,0.03871,0.21429,0.10148,0.05177,2.83926,4.27477,2.74538,0.0597611,0.00376112,0.00376112
46,57.9175,2.37697,2.75436,1.7227,0.01007,0.21429,0.09136,0.04548,2.99484,4.11126,3.04408,0.0588318,0.00383175,0.00383175
47,59.1847,1.65123,1.93793,1.33089,0.01007,0.21429,0.09136,0.04548,2.99484,4.11126,3.04408,0.0579017,0.00390172,0.00390172
48,60.4138,1.75525,1.98312,1.36817,0.01007,0.21429,0.09136,0.04548,2.99484,4.11126,3.04408,0.056971,0.00397103,0.00397103
49,61.6508,2.08082,2.38331,1.30394,0.01007,0.21429,0.09136,0.04548,2.99484,4.11126,3.04408,0.0560397,0.00403968,0.00403968
50,63.1558,2.03018,2.45406,1.35896,0.00586,0.14286,0.03737,0.01874,2.7288,4.46375,2.69003,0.0551077,0.00410767,0.00410767
51,64.4676,2.07839,2.13307,1.34742,0.00586,0.14286,0.03737,0.01874,2.7288,4.46375,2.69003,0.054175,0.004175,0.004175
52,65.6918,2.10806,2.05707,1.31413,0.00586,0.14286,0.03737,0.01874,2.7288,4.46375,2.69003,0.0532417,0.00424167,0.00424167
53,66.8967,1.85227,2.19734,1.28946,0.00586,0.14286,0.03737,0.01874,2.7288,4.46375,2.69003,0.0523077,0.00430768,0.00430768
54,68.1395,2.0502,2.27228,1.3094,0.00586,0.14286,0.03737,0.01874,2.7288,4.46375,2.69003,0.051373,0.00437303,0.00437303
55,69.4202,2.41977,2.7542,1.53857,0.0013,0.14286,0.00333,0.00075,2.53558,4.74806,2.33207,0.0504377,0.00443772,0.00443772
56,70.6266,2.11375,2.39446,1.328,0.0013,0.14286,0.00333,0.00075,2.53558,4.74806,2.33207,0.0495018,0.00450175,0.00450175
57,71.8705,2.11781,2.43307,1.49049,0.0013,0.14286,0.00333,0.00075,2.53558,4.74806,2.33207,0.0485651,0.00456512,0.00456512
58,73.1108,1.95107,2.25503,1.38246,0.0013,0.14286,0.00333,0.00075,2.53558,4.74806,2.33207,0.0476278,0.00462783,0.00462783
59,74.328,1.97894,2.29342,1.28031,0.0013,0.14286,0.00333,0.00075,2.53558,4.74806,2.33207,0.0466899,0.00468988,0.00468988
60,75.7568,1.8875,2.23783,1.37123,0,0,0,0,3.35357,22.6308,3.17295,0.0457513,0.00475127,0.00475127
61,77.1262,1.66547,2.37833,1.40021,0,0,0,0,3.35357,22.6308,3.17295,0.044812,0.004812,0.004812
62,78.4173,1.86296,2.25849,1.4013,0,0,0,0,3.35357,22.6308,3.17295,0.0438721,0.00487207,0.00487207
63,79.7002,1.58366,2.00698,1.2943,0,0,0,0,3.35357,22.6308,3.17295,0.0429315,0.00493148,0.00493148
64,81.0394,1.6174,1.92792,1.19426,0,0,0,0,3.35357,22.6308,3.17295,0.0419902,0.00499023,0.00499023
65,82.3819,2.12015,2.34186,1.39138,0,0,0,0,3.5144,9.41642,3.76147,0.0410483,0.00504832,0.00504832
66,83.5997,1.66418,1.8698,1.25065,0,0,0,0,3.5144,9.41642,3.76147,0.0401058,0.00510575,0.00510575
